timestamp,ip,username,password,label
2025-06-08 14:18:25.339640,127.0.0.1,Raspberry Pi,Surprise2343#,Brute Force
2025-06-08 14:27:24.872671,127.0.0.1,SpookyBluez,Redemption1,Brute Force
2025-06-08 14:27:39.141157,127.0.0.1,,,Brute Force
2025-06-08 14:27:40.273793,127.0.0.1,,,Brute Force
2025-06-08 14:27:42.974362,127.0.0.1,,,Brute Force
2025-06-08 14:29:40.319117,127.0.0.1,,,Brute Force
2025-06-08 14:29:42.842258,127.0.0.1,,,Brute Force
2025-06-08T15:13:29.271180,192.168.88.77,admin,hunter2,brute_force
2025-06-08T20:39:57.318170,10.0.0.3,admin,123456,Brute Force
2025-06-08T20:40:04.371564,192.168.1.10,user,letmein,SQL Injection
2025-06-08T20:40:11.421548,172.16.0.5,user,password,Credential Stuffing
2025-06-08T20:40:18.464475,172.16.0.5,admin,password,Brute Force
2025-06-08T20:40:25.490906,172.16.0.5,root,password,SQL Injection
2025-06-08T20:40:32.520961,203.0.113.99,root,letmein,Brute Force
2025-06-08T20:40:39.553564,203.0.113.99,user,password,SQL Injection
2025-06-08T20:40:46.607261,203.0.113.99,user,123456,Credential Stuffing
2025-06-08T20:40:53.659968,10.0.0.3,admin,123456,SQL Injection
2025-06-08T20:41:00.704694,10.0.0.3,guest,password,Brute Force
2025-06-08T20:41:07.742527,192.168.1.10,guest,password,SQL Injection
2025-06-08T20:41:14.801570,10.0.0.3,guest,123456,Brute Force
2025-06-08T20:41:21.836345,192.168.1.10,guest,admin,Brute Force
2025-06-08T20:41:28.878413,172.16.0.5,admin,admin,Credential Stuffing
2025-06-08T20:41:35.931904,172.16.0.5,guest,password,SQL Injection
2025-06-08T20:41:42.973667,192.168.1.10,admin,123456,Credential Stuffing
2025-06-08T20:41:50.013500,192.168.1.10,admin,letmein,Credential Stuffing
2025-06-08T20:41:57.062766,203.0.113.99,root,password,Credential Stuffing
2025-06-08T20:42:04.101836,203.0.113.99,user,password,Credential Stuffing
2025-06-08T20:42:11.148684,172.16.0.5,guest,admin,Brute Force
2025-06-08T20:42:18.199732,172.16.0.5,user,letmein,Brute Force
2025-06-08T20:42:25.247180,10.0.0.3,guest,123456,Credential Stuffing
2025-06-08T20:42:32.296490,192.168.1.10,guest,password,SQL Injection
2025-06-08T20:42:39.343299,172.16.0.5,guest,letmein,Brute Force
2025-06-08T20:42:46.386607,10.0.0.3,root,password,Credential Stuffing
2025-06-08T20:42:53.425954,203.0.113.99,guest,123456,SQL Injection
2025-06-08T20:43:00.466222,192.168.1.10,root,123456,Credential Stuffing
2025-06-08T20:43:07.508258,10.0.0.3,admin,admin,Brute Force
2025-06-08T20:43:14.556172,172.16.0.5,guest,letmein,SQL Injection
2025-06-08T20:43:21.602345,192.168.1.10,root,123456,SQL Injection
2025-06-08T20:43:28.651591,10.0.0.3,admin,admin,Brute Force
2025-06-08T20:43:35.700322,172.16.0.5,user,123456,Brute Force
2025-06-08T20:43:42.742586,203.0.113.99,root,admin,SQL Injection
2025-06-08T20:43:49.784971,10.0.0.3,user,letmein,SQL Injection
2025-06-08T20:43:56.823213,203.0.113.99,guest,password,Brute Force
2025-06-08T20:44:03.854078,10.0.0.3,user,letmein,SQL Injection
2025-06-08T20:44:10.906105,203.0.113.99,admin,123456,Brute Force
2025-06-08T20:44:17.940175,192.168.1.10,admin,123456,Brute Force
2025-06-08T20:44:24.987700,172.16.0.5,user,password,SQL Injection
2025-06-08T20:44:32.024452,203.0.113.99,admin,123456,SQL Injection
2025-06-08T20:44:39.072454,10.0.0.3,user,password,SQL Injection
2025-06-08T20:44:46.123666,203.0.113.99,root,admin,Brute Force
2025-06-08T20:44:53.162361,172.16.0.5,guest,admin,Brute Force
2025-06-08T20:45:00.202284,172.16.0.5,root,letmein,SQL Injection
2025-06-08T20:45:07.243588,192.168.1.10,admin,123456,Brute Force
2025-06-08T20:45:14.295060,172.16.0.5,user,letmein,SQL Injection
2025-06-08T20:45:21.330640,203.0.113.99,root,admin,Brute Force
2025-06-08T20:45:28.376707,172.16.0.5,user,123456,SQL Injection
2025-06-08T20:45:35.400611,203.0.113.99,user,123456,Brute Force
2025-06-08T20:45:42.440938,10.0.0.3,guest,password,Brute Force
2025-06-08T20:45:49.467415,192.168.1.10,guest,password,SQL Injection
2025-06-08T20:45:56.509795,172.16.0.5,guest,123456,Credential Stuffing
2025-06-08T20:46:03.550520,192.168.1.10,user,123456,SQL Injection
2025-06-08T20:46:10.581027,203.0.113.99,admin,letmein,SQL Injection
2025-06-08T20:46:17.632673,172.16.0.5,admin,123456,Brute Force
2025-06-08T20:46:24.678355,172.16.0.5,guest,letmein,SQL Injection
2025-06-08T20:46:31.719791,10.0.0.3,admin,admin,Brute Force
2025-06-08T20:46:38.769499,10.0.0.3,admin,admin,Credential Stuffing
2025-06-08T20:46:45.808917,10.0.0.3,admin,letmein,SQL Injection
2025-06-08T20:46:52.846221,192.168.1.10,user,letmein,Credential Stuffing
2025-06-08T20:46:59.890315,172.16.0.5,admin,password,Brute Force
2025-06-08T20:47:06.921397,172.16.0.5,user,123456,SQL Injection
2025-06-08T20:47:13.965129,192.168.1.10,user,letmein,Credential Stuffing
2025-06-08T20:47:21.009558,10.0.0.3,root,letmein,SQL Injection
2025-06-08T20:47:28.060635,203.0.113.99,user,123456,SQL Injection
2025-06-08T20:47:35.098632,192.168.1.10,root,admin,Credential Stuffing
2025-06-08T20:47:42.138436,10.0.0.3,admin,123456,SQL Injection
2025-06-08T20:47:49.173283,172.16.0.5,guest,123456,Credential Stuffing
2025-06-08T20:47:56.206886,172.16.0.5,user,password,Credential Stuffing
2025-06-08T20:48:03.259951,172.16.0.5,user,123456,Brute Force
2025-06-08T20:48:10.309533,192.168.1.10,admin,letmein,SQL Injection
2025-06-08T20:48:17.352999,203.0.113.99,root,letmein,Brute Force
2025-06-08T20:48:24.398805,203.0.113.99,guest,123456,SQL Injection
2025-06-08T20:48:31.428010,172.16.0.5,user,letmein,Credential Stuffing
2025-06-08T20:48:38.472050,172.16.0.5,user,123456,SQL Injection
2025-06-08T20:48:45.519027,10.0.0.3,guest,123456,Credential Stuffing
2025-06-08T20:48:52.575804,192.168.1.10,root,123456,Brute Force
2025-06-08T20:48:59.601896,172.16.0.5,user,letmein,Credential Stuffing
2025-06-08T20:49:06.634545,203.0.113.99,user,123456,Brute Force
2025-06-08T20:49:13.675771,203.0.113.99,guest,admin,Credential Stuffing
2025-06-08T20:49:20.724090,203.0.113.99,admin,123456,Credential Stuffing
2025-06-08T20:49:27.771435,10.0.0.3,root,123456,Brute Force
2025-06-08T20:49:34.810224,192.168.1.10,user,123456,Brute Force
2025-06-08T20:49:41.857909,10.0.0.3,user,password,SQL Injection
2025-06-08T20:49:48.900128,192.168.1.10,user,admin,SQL Injection
2025-06-08T20:49:55.940920,10.0.0.3,user,password,Brute Force
2025-06-08T20:50:02.993024,192.168.1.10,guest,123456,Credential Stuffing
2025-06-08T20:50:10.029212,203.0.113.99,admin,letmein,SQL Injection
2025-06-08T20:50:17.077389,172.16.0.5,root,password,Brute Force
2025-06-08T20:50:24.132239,192.168.1.10,admin,admin,Brute Force
2025-06-08T20:50:31.175892,10.0.0.3,guest,password,Credential Stuffing
2025-06-08T20:50:38.230352,192.168.1.10,guest,letmein,Credential Stuffing
2025-06-08T20:50:45.265189,10.0.0.3,admin,password,Credential Stuffing
2025-06-08T20:50:52.303201,192.168.1.10,guest,password,Brute Force
2025-06-08T20:50:59.348143,203.0.113.99,user,letmein,Credential Stuffing
2025-06-08T20:51:06.388178,10.0.0.3,user,password,Brute Force
2025-06-08T20:51:13.433386,10.0.0.3,admin,password,Credential Stuffing
2025-06-08T20:51:20.486491,192.168.1.10,user,letmein,SQL Injection
2025-06-08T20:51:27.525788,172.16.0.5,root,letmein,Brute Force
2025-06-08T20:51:34.567430,10.0.0.3,user,letmein,Credential Stuffing
2025-06-08T20:51:41.608066,192.168.1.10,root,letmein,Brute Force
2025-06-08T20:51:48.657550,172.16.0.5,admin,password,Credential Stuffing
2025-06-08T20:51:55.695784,192.168.1.10,admin,123456,Credential Stuffing
2025-06-08T20:52:02.733021,203.0.113.99,guest,password,Credential Stuffing
2025-06-08T20:52:09.779870,192.168.1.10,user,password,Brute Force
2025-06-08T20:52:16.830267,192.168.1.10,guest,123456,SQL Injection
2025-06-08T20:52:23.887593,203.0.113.99,user,123456,SQL Injection
2025-06-08T20:52:30.936959,192.168.1.10,user,letmein,Brute Force
2025-06-08T20:52:37.989625,192.168.1.10,admin,admin,Credential Stuffing
2025-06-08T20:52:45.041109,10.0.0.3,guest,password,Credential Stuffing
2025-06-08T20:52:52.083273,203.0.113.99,root,letmein,SQL Injection
2025-06-08T20:52:59.130847,203.0.113.99,admin,admin,Credential Stuffing
2025-06-08T20:53:06.181940,172.16.0.5,user,letmein,SQL Injection
2025-06-08T20:53:13.208443,10.0.0.3,guest,password,SQL Injection
2025-06-08T20:53:20.252675,203.0.113.99,user,password,SQL Injection
2025-06-08T20:53:27.306699,172.16.0.5,user,password,SQL Injection
2025-06-08T20:53:34.352379,172.16.0.5,user,admin,SQL Injection
2025-06-08T20:53:41.389847,192.168.1.10,guest,letmein,Credential Stuffing
2025-06-08T20:53:48.430709,10.0.0.3,user,letmein,SQL Injection
2025-06-08T20:53:55.483688,172.16.0.5,admin,admin,SQL Injection
2025-06-08T20:54:02.536354,203.0.113.99,admin,123456,SQL Injection
2025-06-08T20:54:09.583842,203.0.113.99,user,password,Credential Stuffing
2025-06-08T20:54:16.620763,192.168.1.10,user,123456,SQL Injection
2025-06-08T20:54:23.660288,10.0.0.3,root,letmein,Brute Force
2025-06-08T20:54:30.711857,172.16.0.5,user,password,Brute Force
2025-06-08T20:54:37.758830,172.16.0.5,root,admin,SQL Injection
2025-06-08T20:54:44.810197,172.16.0.5,user,admin,Credential Stuffing
2025-06-08T20:54:51.864502,172.16.0.5,admin,123456,Credential Stuffing
2025-06-08T20:56:07.056243,172.16.0.5,guest,password,Credential Stuffing
2025-06-08T20:56:14.106600,203.0.113.99,root,admin,Credential Stuffing
2025-06-08T20:56:21.157104,203.0.113.99,admin,password,Brute Force
2025-06-08T20:56:28.191489,203.0.113.99,guest,admin,Brute Force
2025-06-08T20:56:35.234022,203.0.113.99,admin,123456,SQL Injection
2025-06-08T20:56:42.283279,192.168.1.10,guest,admin,Brute Force
2025-06-08T20:56:49.328042,203.0.113.99,guest,password,Brute Force
2025-06-08T20:56:56.373948,203.0.113.99,admin,password,Credential Stuffing
2025-06-08T20:57:03.417294,172.16.0.5,guest,admin,SQL Injection
2025-06-08T20:57:10.469142,10.0.0.3,admin,123456,SQL Injection
2025-06-08T20:57:17.502185,172.16.0.5,user,letmein,SQL Injection
2025-06-08T20:57:24.547265,192.168.1.10,guest,letmein,SQL Injection
2025-06-08T20:57:31.597844,10.0.0.3,root,letmein,SQL Injection
2025-06-08T20:57:38.645580,192.168.1.10,admin,letmein,Credential Stuffing
2025-06-08T20:57:45.707284,203.0.113.99,user,letmein,SQL Injection
2025-06-08T20:57:52.755730,172.16.0.5,user,123456,SQL Injection
2025-06-08T20:57:59.788489,203.0.113.99,root,letmein,SQL Injection
2025-06-08T20:58:06.830676,192.168.1.10,user,123456,Brute Force
2025-06-08T20:58:13.872297,192.168.1.10,root,123456,Credential Stuffing
2025-06-08T20:58:20.919962,192.168.1.10,guest,123456,Credential Stuffing
2025-06-08T20:58:27.969908,203.0.113.99,user,letmein,Credential Stuffing
2025-06-08T20:58:35.008629,203.0.113.99,guest,admin,Credential Stuffing
2025-06-08T20:58:42.050414,203.0.113.99,admin,123456,Credential Stuffing
2025-06-08T20:58:49.096362,10.0.0.3,root,123456,Credential Stuffing
2025-06-08T20:58:56.147894,172.16.0.5,root,123456,Credential Stuffing
2025-06-08T20:59:03.190036,10.0.0.3,root,letmein,Brute Force
2025-06-08T20:59:10.234924,172.16.0.5,guest,password,SQL Injection
2025-06-08T20:59:17.277634,10.0.0.3,user,password,SQL Injection
2025-06-08T20:59:24.329575,10.0.0.3,user,letmein,Brute Force
2025-06-08T20:59:31.369346,172.16.0.5,guest,password,SQL Injection
2025-06-08T20:59:38.397905,203.0.113.99,admin,password,Brute Force
2025-06-08T20:59:45.449668,172.16.0.5,admin,password,Brute Force
2025-06-08T20:59:52.502264,10.0.0.3,user,password,SQL Injection
2025-06-08T20:59:59.551955,203.0.113.99,guest,letmein,Brute Force
2025-06-08T21:00:06.598482,192.168.1.10,user,123456,SQL Injection
2025-06-08T21:00:13.654228,172.16.0.5,admin,password,Credential Stuffing
2025-06-08T21:00:20.702735,10.0.0.3,user,123456,Brute Force
2025-06-08T21:00:27.744620,10.0.0.3,admin,123456,SQL Injection
2025-06-08T21:00:34.783301,192.168.1.10,user,admin,Brute Force
2025-06-08T21:00:41.826959,203.0.113.99,root,admin,SQL Injection
2025-06-08T21:00:48.882262,203.0.113.99,root,letmein,Brute Force
2025-06-08T21:00:55.931915,203.0.113.99,guest,123456,SQL Injection
2025-06-08T21:01:02.986808,172.16.0.5,user,password,Brute Force
2025-06-08T21:01:10.023207,172.16.0.5,guest,admin,Credential Stuffing
2025-06-08T21:01:17.068574,10.0.0.3,guest,admin,Brute Force
2025-06-08T21:01:24.110602,203.0.113.99,user,password,SQL Injection
2025-06-08T21:01:31.160826,172.16.0.5,root,admin,Brute Force
2025-06-08T21:01:38.203031,203.0.113.99,admin,123456,SQL Injection
2025-06-08T21:01:45.254425,172.16.0.5,user,admin,Credential Stuffing
2025-06-08T21:01:52.308014,192.168.1.10,root,123456,SQL Injection
2025-06-08T21:01:59.348801,203.0.113.99,guest,letmein,SQL Injection
2025-06-08T21:02:06.391643,192.168.1.10,guest,123456,Credential Stuffing
2025-06-08T21:02:13.435432,172.16.0.5,root,123456,SQL Injection
2025-06-08T21:02:20.473932,172.16.0.5,admin,letmein,Credential Stuffing
2025-06-08T21:02:27.526430,172.16.0.5,user,password,Brute Force
2025-06-08T21:02:34.563524,172.16.0.5,user,admin,Brute Force
2025-06-08T21:02:41.611995,172.16.0.5,admin,admin,Brute Force
2025-06-08T21:02:48.639861,10.0.0.3,admin,password,SQL Injection
2025-06-08T21:02:55.677849,203.0.113.99,user,letmein,Brute Force
2025-06-08T21:03:02.730487,172.16.0.5,guest,password,Brute Force
2025-06-08T21:03:09.780859,10.0.0.3,admin,admin,Credential Stuffing
2025-06-08T21:03:16.839075,192.168.1.10,root,123456,Credential Stuffing
2025-06-08T21:03:23.869827,192.168.1.10,root,password,SQL Injection
2025-06-08T21:03:30.921123,192.168.1.10,user,admin,Brute Force
2025-06-08T21:03:37.956702,10.0.0.3,admin,123456,Brute Force
2025-06-08T21:03:44.998003,172.16.0.5,user,letmein,SQL Injection
2025-06-08T21:03:52.052335,10.0.0.3,guest,123456,Brute Force
2025-06-08T21:03:59.089827,192.168.1.10,admin,123456,Brute Force
2025-06-08T21:04:06.130986,172.16.0.5,admin,123456,SQL Injection
2025-06-08T21:04:13.176809,203.0.113.99,guest,letmein,Brute Force
2025-06-08T21:04:20.217923,203.0.113.99,root,letmein,SQL Injection
2025-06-08T21:04:27.256207,10.0.0.3,admin,123456,Credential Stuffing
2025-06-08T21:04:34.294114,203.0.113.99,root,123456,Brute Force
2025-06-08T21:04:41.335532,203.0.113.99,admin,123456,Credential Stuffing
2025-06-08T21:13:16.122870,192.168.1.10,admin,admin,Credential Stuffing
2025-06-08T21:13:23.174405,192.168.1.10,user,password,Credential Stuffing
2025-06-08T21:13:30.220568,10.0.0.3,admin,admin,Credential Stuffing
2025-06-08T21:13:37.257753,10.0.0.3,admin,admin,Brute Force
2025-06-08T21:13:44.285801,203.0.113.99,root,123456,Brute Force
2025-06-08T21:13:51.336105,192.168.1.10,admin,letmein,Brute Force
2025-06-08T21:13:58.378622,203.0.113.99,user,password,SQL Injection
2025-06-08T21:14:05.423147,192.168.1.10,root,letmein,Brute Force
2025-06-08T21:14:12.473872,10.0.0.3,user,password,SQL Injection
2025-06-08T21:14:19.505003,203.0.113.99,admin,letmein,SQL Injection
2025-06-08T21:14:26.542783,203.0.113.99,guest,admin,Brute Force
2025-06-08T21:14:33.576843,172.16.0.5,admin,letmein,SQL Injection
2025-06-08T21:14:40.610267,192.168.1.10,user,password,Brute Force
2025-06-08T21:14:47.650958,192.168.1.10,guest,password,Credential Stuffing
2025-06-08T21:14:54.702585,172.16.0.5,user,password,Credential Stuffing
2025-06-08T21:15:01.738021,172.16.0.5,admin,letmein,Credential Stuffing
2025-06-08T21:15:08.797093,10.0.0.3,admin,admin,Brute Force
2025-06-08T21:15:15.844953,203.0.113.99,admin,letmein,SQL Injection
2025-06-08T21:15:22.905175,10.0.0.3,user,letmein,Brute Force
2025-06-08T21:15:29.943714,192.168.1.10,root,letmein,Brute Force
2025-06-08T21:15:36.991314,172.16.0.5,root,letmein,Brute Force
2025-06-08T21:15:44.041945,192.168.1.10,root,123456,Brute Force
2025-06-08T21:15:51.083869,10.0.0.3,root,admin,Brute Force
2025-06-08T21:15:58.115861,192.168.1.10,admin,123456,Credential Stuffing
2025-06-08T21:16:05.156518,192.168.1.10,root,123456,Brute Force
2025-06-08T21:18:51.195978,172.16.0.5,guest,123456,SQL Injection
2025-06-08T21:18:58.248943,172.16.0.5,user,letmein,Brute Force
2025-06-08T21:19:05.290053,172.16.0.5,admin,password,Credential Stuffing
2025-06-08T21:19:12.331680,172.16.0.5,guest,123456,Credential Stuffing
2025-06-08T21:19:19.376120,203.0.113.99,root,letmein,Brute Force
2025-06-08T21:19:26.423111,192.168.1.10,root,admin,Credential Stuffing
2025-06-08T21:19:33.472128,192.168.1.10,root,admin,Brute Force
2025-06-08T21:19:40.510014,172.16.0.5,guest,letmein,Credential Stuffing
2025-06-08T21:19:47.564981,172.16.0.5,user,password,SQL Injection
2025-06-08T21:19:54.613731,203.0.113.99,guest,password,SQL Injection
2025-06-08T21:20:01.648730,10.0.0.3,user,letmein,Credential Stuffing
2025-06-08T21:20:08.691418,192.168.1.10,root,password,Brute Force
2025-06-08T21:20:15.739155,192.168.1.10,guest,admin,Credential Stuffing
2025-06-08T21:20:22.773799,203.0.113.99,guest,123456,Brute Force
2025-06-08T21:20:29.820038,172.16.0.5,user,password,SQL Injection
2025-06-08T21:20:36.859212,10.0.0.3,user,admin,SQL Injection
2025-06-08T21:20:43.917146,172.16.0.5,user,admin,Brute Force
2025-06-08T21:20:50.958319,10.0.0.3,guest,admin,SQL Injection
2025-06-08T21:20:58.011732,172.16.0.5,root,123456,Credential Stuffing
2025-06-08T21:21:05.052881,10.0.0.3,root,admin,Credential Stuffing
2025-06-08T21:21:12.099070,172.16.0.5,admin,123456,Credential Stuffing
2025-06-08T21:21:19.142144,203.0.113.99,guest,letmein,Credential Stuffing
2025-06-08T21:21:26.186998,172.16.0.5,admin,letmein,Credential Stuffing
2025-06-08T21:21:33.230249,192.168.1.10,user,admin,SQL Injection
2025-06-08T21:21:40.278646,10.0.0.3,root,123456,SQL Injection
2025-06-08T21:21:47.329414,10.0.0.3,admin,123456,Credential Stuffing
2025-06-08T21:21:54.381369,10.0.0.3,admin,admin,SQL Injection
2025-06-08T21:22:01.420364,172.16.0.5,admin,admin,Brute Force
2025-06-08T21:22:08.472967,10.0.0.3,admin,letmein,Credential Stuffing
2025-06-08T21:22:15.532495,10.0.0.3,guest,password,Credential Stuffing
2025-06-08T21:22:22.588402,10.0.0.3,admin,password,Credential Stuffing
2025-06-08T21:22:29.636402,192.168.1.10,admin,letmein,SQL Injection
2025-06-08T21:22:36.691294,172.16.0.5,user,letmein,Brute Force
2025-06-08T21:22:43.718110,203.0.113.99,user,letmein,Credential Stuffing
2025-06-08T21:22:50.763348,172.16.0.5,guest,letmein,Brute Force
2025-06-08T21:22:57.812903,10.0.0.3,user,123456,Brute Force
2025-06-08T21:23:04.853480,203.0.113.99,user,password,Credential Stuffing
2025-06-08T21:23:11.889890,10.0.0.3,admin,123456,SQL Injection
2025-06-08T21:23:18.936991,10.0.0.3,guest,letmein,Credential Stuffing
2025-06-08T21:23:25.981150,10.0.0.3,admin,123456,Brute Force
2025-06-08T21:23:33.008700,192.168.1.10,user,123456,SQL Injection
2025-06-08T21:23:40.059512,203.0.113.99,root,admin,SQL Injection
2025-06-08T21:23:47.101711,10.0.0.3,guest,admin,SQL Injection
2025-06-08T21:23:54.145433,10.0.0.3,guest,letmein,Brute Force
2025-06-08T21:24:01.199019,172.16.0.5,guest,123456,Credential Stuffing
2025-06-08T21:24:08.250471,192.168.1.10,admin,admin,Brute Force
2025-06-08T21:24:15.302424,203.0.113.99,root,password,Brute Force
2025-06-08T21:24:22.334810,172.16.0.5,user,admin,Brute Force
2025-06-08T21:24:29.376645,203.0.113.99,guest,123456,SQL Injection
2025-06-08T21:24:36.398773,10.0.0.3,user,letmein,Credential Stuffing
2025-06-08T21:24:43.444612,172.16.0.5,admin,letmein,Brute Force
2025-06-08T21:24:50.493382,192.168.1.10,user,admin,Brute Force
2025-06-08T21:24:57.523805,10.0.0.3,user,123456,Credential Stuffing
2025-06-08T21:25:04.570028,10.0.0.3,user,123456,Brute Force
2025-06-08T21:25:11.604310,10.0.0.3,admin,admin,Credential Stuffing
2025-06-08T21:25:18.647129,172.16.0.5,user,admin,Credential Stuffing
2025-06-08T21:25:25.689624,203.0.113.99,user,admin,Brute Force
2025-06-08T21:25:32.727406,192.168.1.10,user,admin,Credential Stuffing
2025-06-08T21:25:39.771045,172.16.0.5,guest,admin,Brute Force
2025-06-08T21:25:46.800406,172.16.0.5,guest,123456,SQL Injection
2025-06-08T21:25:53.850528,192.168.1.10,admin,letmein,Brute Force
2025-06-08T21:26:00.899514,203.0.113.99,guest,password,SQL Injection
2025-06-08T21:26:07.939186,192.168.1.10,root,admin,Brute Force
2025-06-08T21:26:14.977047,192.168.1.10,user,letmein,SQL Injection
2025-06-08T21:26:22.028368,172.16.0.5,root,password,SQL Injection
2025-06-08T21:26:29.063526,172.16.0.5,admin,admin,Brute Force
2025-06-08T21:26:36.115791,172.16.0.5,admin,admin,SQL Injection
2025-06-08T21:26:43.160937,172.16.0.5,admin,admin,Credential Stuffing
2025-06-08T21:26:50.196368,203.0.113.99,admin,letmein,Brute Force
2025-06-08T21:26:57.242716,192.168.1.10,root,admin,Credential Stuffing
2025-06-08T21:27:04.282803,192.168.1.10,admin,123456,SQL Injection
2025-06-08T21:27:11.321801,203.0.113.99,admin,123456,Credential Stuffing
2025-06-08T21:27:18.360432,10.0.0.3,user,123456,Credential Stuffing
2025-06-08T21:27:25.398963,172.16.0.5,admin,admin,Credential Stuffing
2025-06-08T21:27:32.440349,192.168.1.10,admin,admin,Brute Force
2025-06-08T21:27:39.482224,192.168.1.10,user,password,Brute Force
2025-06-08T21:27:46.526119,10.0.0.3,admin,letmein,Credential Stuffing
2025-06-08T21:27:53.573616,172.16.0.5,guest,letmein,Brute Force
2025-06-08T21:28:00.618360,172.16.0.5,guest,123456,Brute Force
2025-06-08T21:28:07.655779,10.0.0.3,root,123456,Brute Force
2025-06-08T21:28:14.701399,192.168.1.10,admin,123456,Credential Stuffing
2025-06-08T21:28:21.752393,172.16.0.5,guest,letmein,Brute Force
2025-06-08T21:28:28.796603,192.168.1.10,root,123456,Brute Force
2025-06-08T21:28:35.836311,10.0.0.3,guest,letmein,Brute Force
2025-06-08T21:28:42.861304,203.0.113.99,root,admin,SQL Injection
2025-06-08T21:28:49.889935,203.0.113.99,admin,123456,Credential Stuffing
2025-06-08T21:28:56.922456,203.0.113.99,admin,admin,SQL Injection
2025-06-08T21:29:03.967873,203.0.113.99,root,admin,Credential Stuffing
2025-06-08T21:29:11.017149,192.168.1.10,user,password,SQL Injection
2025-06-08T21:29:18.068670,10.0.0.3,admin,123456,SQL Injection
2025-06-08T21:29:25.117164,192.168.1.10,guest,letmein,SQL Injection
2025-06-08T21:29:32.161756,192.168.1.10,guest,123456,SQL Injection
2025-06-08T21:29:39.197103,172.16.0.5,guest,123456,Credential Stuffing
2025-06-08T21:29:46.246715,192.168.1.10,root,123456,Brute Force
2025-06-08T21:29:53.285990,172.16.0.5,root,admin,SQL Injection
2025-06-08T21:30:00.333911,172.16.0.5,root,password,Brute Force
2025-06-08T21:30:07.384826,172.16.0.5,root,letmein,Credential Stuffing
2025-06-08T21:30:14.428421,192.168.1.10,user,admin,SQL Injection
2025-06-08T21:30:21.463662,172.16.0.5,root,password,Credential Stuffing
2025-06-08T21:30:28.503940,203.0.113.99,user,password,Credential Stuffing
2025-06-08T21:30:35.554229,203.0.113.99,user,admin,Credential Stuffing
2025-06-08T21:30:42.590306,192.168.1.10,guest,admin,Brute Force
2025-06-08T21:30:49.630019,172.16.0.5,root,admin,Credential Stuffing
2025-06-08T21:30:56.668822,192.168.1.10,root,admin,SQL Injection
2025-06-08T21:31:03.713653,10.0.0.3,admin,password,SQL Injection
2025-06-08T21:31:10.748782,10.0.0.3,guest,letmein,Brute Force
2025-06-08T21:31:17.786214,203.0.113.99,user,password,SQL Injection
2025-06-08T21:31:24.835036,192.168.1.10,guest,admin,Brute Force
2025-06-08T21:31:31.899257,203.0.113.99,guest,letmein,Brute Force
2025-06-08T21:31:38.935492,192.168.1.10,guest,letmein,Credential Stuffing
2025-06-08T21:31:45.980147,172.16.0.5,user,123456,Credential Stuffing
2025-06-08T21:31:53.028151,10.0.0.3,guest,password,SQL Injection
2025-06-08T21:32:00.058892,192.168.1.10,admin,123456,SQL Injection
2025-06-08T21:32:07.108260,203.0.113.99,user,password,SQL Injection
2025-06-08T21:32:14.140918,203.0.113.99,admin,123456,Brute Force
2025-06-08T21:32:21.173968,192.168.1.10,admin,123456,SQL Injection
2025-06-08T21:32:28.209316,203.0.113.99,user,letmein,Brute Force
2025-06-08T21:32:35.253462,10.0.0.3,admin,letmein,Credential Stuffing
2025-06-08T21:32:42.300785,203.0.113.99,root,admin,SQL Injection
2025-06-08T21:32:49.329908,203.0.113.99,admin,letmein,Credential Stuffing
2025-06-08T21:32:56.377264,172.16.0.5,guest,password,Credential Stuffing
2025-06-08T21:33:03.415100,203.0.113.99,root,letmein,Credential Stuffing
2025-06-08T21:33:10.468778,192.168.1.10,admin,password,Credential Stuffing
2025-06-08T21:33:17.513258,192.168.1.10,user,admin,Brute Force
2025-06-08T21:33:24.546795,203.0.113.99,user,admin,Credential Stuffing
2025-06-08T21:33:31.595466,172.16.0.5,admin,admin,Brute Force
2025-06-08T21:33:38.644806,203.0.113.99,guest,admin,Credential Stuffing
2025-06-08T21:33:45.685861,10.0.0.3,guest,123456,Credential Stuffing
2025-06-08T21:33:52.723681,203.0.113.99,guest,password,Brute Force
2025-06-08T21:33:59.766109,172.16.0.5,user,password,Brute Force
2025-06-08T21:34:06.811787,192.168.1.10,guest,123456,SQL Injection
2025-06-08T21:34:13.855730,203.0.113.99,root,admin,Credential Stuffing
2025-06-08T21:34:20.897048,192.168.1.10,guest,password,Brute Force
2025-06-08T21:34:27.947232,10.0.0.3,guest,admin,Brute Force
2025-06-08T21:34:34.995580,192.168.1.10,root,admin,SQL Injection
2025-06-08T21:34:42.038623,10.0.0.3,root,password,Brute Force
2025-06-08T21:34:49.086032,10.0.0.3,admin,letmein,Credential Stuffing
2025-06-08T21:34:56.127181,172.16.0.5,user,password,Credential Stuffing
2025-06-08T21:35:03.179653,203.0.113.99,admin,password,SQL Injection
2025-06-08T21:35:10.224872,203.0.113.99,guest,123456,Credential Stuffing
2025-06-08T21:35:17.259438,172.16.0.5,admin,password,Brute Force
2025-06-08T21:35:24.299226,203.0.113.99,user,letmein,SQL Injection
